0,  Just Whisky, https://www.just-whisky.co.uk
1,  Whisky Hammer, https://www.whiskhammer.com
2,  Royal Mile Whisky Auctions, https://royalmilewhisky.auction
3,  Whisky Auctioneer, https://www.whiskyauctioneer.com
4,  Scotch Whisky Auctions, https://www.scotchwhiskyauctions.com
5,  Whisky Online, https://www.whisky-online.com
6,  Global Whisky Auctions, https://www.globalwhiskyauctions.com
7,  Whisky Auction, https://www.whiskyauction.com
8,  Grand Whisky Auction, https://www.thegrandwhiskyauction.com
9,  WVA Whisky Auctions, https://www.wvawhiskyauctions.co.uk
10,  McTears Auctioneers, https://www.mctears.co.uk
